{"cameraMode":{"drawMode":0,"name":"Shaded","section":"Shading Mode"},"sceneLighting":false,"audioPlay":false,"sceneViewState":{"showFog":true,"showMaterialUpdate":false,"showSkybox":false,"showFlares":true,"showImageEffects":true,"showParticleSystems":true},"in2DMode":false,"pivot":{"x":-0.7572016716003418,"y":-23.42552947998047,"z":-23.04924964904785},"rotation":{"x":0.10309870541095734,"y":0.8678209781646729,"z":-0.4419155418872833,"w":0.20245647430419923},"size":34.65199661254883,"orthographic":true}