{"cameraMode":{"drawMode":0,"name":"Shaded","section":"Shading Mode"},"sceneLighting":false,"audioPlay":false,"sceneViewState":{"showFog":true,"showMaterialUpdate":false,"showSkybox":false,"showFlares":true,"showImageEffects":true,"showParticleSystems":true},"in2DMode":false,"pivot":{"x":-8.2205810546875,"y":21.330810546875,"z":-24.31640625},"rotation":{"x":0.011509750969707966,"y":0.9756077527999878,"z":0.05273275449872017,"w":-0.2128491997718811},"size":33.05437469482422,"orthographic":true}