{"cameraMode":{"drawMode":0,"name":"Shaded","section":"Shading Mode"},"sceneLighting":false,"audioPlay":false,"sceneViewState":{"showFog":true,"showMaterialUpdate":false,"showSkybox":false,"showFlares":true,"showImageEffects":true,"showParticleSystems":true},"in2DMode":false,"pivot":{"x":-333.0072021484375,"y":-967.9728393554688,"z":-18.100000381469728},"rotation":{"x":0.002069272566586733,"y":0.9909501671791077,"z":-0.013343463651835919,"w":0.13429507613182069},"size":0.08658800274133682,"orthographic":true}