{"cameraMode":{"drawMode":0,"name":"Shaded","section":"Shading Mode"},"sceneLighting":false,"audioPlay":false,"sceneViewState":{"showFog":true,"showMaterialUpdate":false,"showSkybox":false,"showFlares":true,"showImageEffects":true,"showParticleSystems":true},"in2DMode":false,"pivot":{"x":-11.36181640625,"y":21.45703125,"z":2.63916015625},"rotation":{"x":0.006794411689043045,"y":0.9529763460159302,"z":-0.02144874632358551,"w":0.30232125520706179},"size":10.186905860900879,"orthographic":true}